{"cameraMode":{"drawMode":0,"name":"Shaded","section":"Shading Mode"},"sceneLighting":true,"audioPlay":false,"sceneViewState":{"showFog":true,"showMaterialUpdate":false,"showSkybox":true,"showFlares":true,"showImageEffects":true,"showParticleSystems":true,"showVisualEffectGraphs":true,"m_FxEnabled":true},"in2DMode":false,"pivot":{"x":-26.551651000976564,"y":-21.891714096069337,"z":-10.599770545959473},"rotation":{"x":0.14243073761463166,"y":-0.0005329059204086661,"z":0.002470139879733324,"w":0.9905759692192078},"size":3.800429582595825,"orthographic":false}