{"cameraMode":{"drawMode":0,"name":"Shaded","section":"Shading Mode"},"sceneLighting":true,"audioPlay":false,"sceneViewState":{"showFog":true,"showMaterialUpdate":false,"showSkybox":true,"showFlares":true,"showImageEffects":true,"showParticleSystems":true,"showVisualEffectGraphs":true,"m_FxEnabled":true},"in2DMode":false,"pivot":{"x":-126.11878204345703,"y":-22.530378341674806,"z":149.17593383789063},"rotation":{"x":-0.05841519683599472,"y":0.3320862948894501,"z":-0.020213786512613298,"w":-0.9418672919273377},"size":111.37028503417969,"orthographic":false}