{"cameraMode":{"drawMode":0,"name":"Shaded","section":"Shading Mode"},"sceneLighting":false,"audioPlay":false,"sceneViewState":{"showFog":true,"showMaterialUpdate":false,"showSkybox":true,"showFlares":true,"showImageEffects":true,"showParticleSystems":true,"showVisualEffectGraphs":true,"m_FxEnabled":true},"in2DMode":false,"pivot":{"x":-3.228574752807617,"y":8.067862510681153,"z":12.857620239257813},"rotation":{"x":-0.03099997341632843,"y":0.059051331132650378,"z":0.004473960492759943,"w":0.9985362887382507},"size":17.516029357910158,"orthographic":false}