{"cameraMode":{"drawMode":0,"name":"Shaded","section":"Shading Mode"},"sceneLighting":false,"audioPlay":false,"sceneViewState":{"showFog":true,"showMaterialUpdate":false,"showSkybox":true,"showFlares":true,"showImageEffects":true,"showParticleSystems":true,"showVisualEffectGraphs":true,"m_FxEnabled":true},"in2DMode":false,"pivot":{"x":-35.927696228027347,"y":-30.386802673339845,"z":60.36326217651367},"rotation":{"x":0.08789219707250595,"y":-0.24587105214595796,"z":0.01926463283598423,"w":0.9656839966773987},"size":19.513784408569337,"orthographic":false}