{"cameraMode":{"drawMode":0,"name":"Shaded","section":"Shading Mode"},"sceneLighting":false,"audioPlay":false,"sceneViewState":{"showFog":true,"showMaterialUpdate":false,"showSkybox":true,"showFlares":true,"showImageEffects":true,"showParticleSystems":true,"showVisualEffectGraphs":true,"m_FxEnabled":true},"in2DMode":false,"pivot":{"x":-22.45379638671875,"y":-29.61126708984375,"z":36.107452392578128},"rotation":{"x":0.04196970537304878,"y":0.026699647307395936,"z":-0.0014352570287883282,"w":0.9988976120948792},"size":22.314481735229493,"orthographic":false}