{"cameraMode":{"drawMode":0,"name":"Shaded","section":"Shading Mode"},"sceneLighting":true,"audioPlay":false,"sceneViewState":{"showFog":true,"showMaterialUpdate":false,"showSkybox":true,"showFlares":true,"showImageEffects":true,"showParticleSystems":true,"showVisualEffectGraphs":true,"m_FxEnabled":true},"in2DMode":false,"pivot":{"x":563.8934936523438,"y":304.09869384765627,"z":24.25103759765625},"rotation":{"x":0.08576895296573639,"y":0.0006815372034907341,"z":0.0009296360076405108,"w":0.9970744252204895},"size":372.38653564453127,"orthographic":false}