{"cameraMode":{"drawMode":0,"name":"Shaded","section":"Shading Mode"},"sceneLighting":true,"audioPlay":false,"sceneViewState":{"showFog":true,"showMaterialUpdate":false,"showSkybox":true,"showFlares":true,"showImageEffects":true,"showParticleSystems":true,"showVisualEffectGraphs":true,"m_FxEnabled":true},"in2DMode":false,"pivot":{"x":-55.770469665527347,"y":-44.833091735839847,"z":10.610832214355469},"rotation":{"x":0.013151964172720909,"y":0.9852858781814575,"z":-0.14444172382354737,"w":0.09395820647478104},"size":35.59370422363281,"orthographic":false}