{"cameraMode":{"drawMode":0,"name":"Shaded","section":"Shading Mode"},"sceneLighting":false,"audioPlay":false,"sceneViewState":{"showFog":true,"showMaterialUpdate":false,"showSkybox":true,"showFlares":true,"showImageEffects":true,"showParticleSystems":true,"showVisualEffectGraphs":true,"m_FxEnabled":true},"in2DMode":false,"pivot":{"x":-27.664997100830079,"y":-28.616018295288087,"z":17.368593215942384},"rotation":{"x":0.005534828174859285,"y":-0.992020845413208,"z":0.10359671711921692,"w":0.08177132159471512},"size":9.307374000549317,"orthographic":false}