{"cameraMode":{"drawMode":0,"name":"Shaded","section":"Shading Mode"},"sceneLighting":false,"audioPlay":false,"sceneViewState":{"showFog":true,"showMaterialUpdate":false,"showSkybox":true,"showFlares":true,"showImageEffects":true,"showParticleSystems":true,"showVisualEffectGraphs":true,"m_FxEnabled":true},"in2DMode":false,"pivot":{"x":-40.02204132080078,"y":-33.76255798339844,"z":-10.438529968261719},"rotation":{"x":-0.00025244723656214774,"y":0.9940446019172669,"z":-0.11087557673454285,"w":0.025721736252307893},"size":21.322250366210939,"orthographic":false}