{"cameraMode":{"drawMode":0,"name":"Shaded","section":"Shading Mode"},"sceneLighting":false,"audioPlay":false,"sceneViewState":{"showFog":true,"showMaterialUpdate":false,"showSkybox":true,"showFlares":true,"showImageEffects":true,"showParticleSystems":true,"showVisualEffectGraphs":true,"m_FxEnabled":true},"in2DMode":false,"pivot":{"x":-26.082847595214845,"y":-26.957611083984376,"z":4.80869197845459},"rotation":{"x":0.0002770196588244289,"y":-0.7060437202453613,"z":-0.0002736970782279968,"w":0.7086673974990845},"size":0.10089528560638428,"orthographic":false}