{"cameraMode":{"drawMode":0,"name":"Shaded","section":"Shading Mode"},"sceneLighting":true,"audioPlay":false,"sceneViewState":{"showFog":true,"showMaterialUpdate":false,"showSkybox":true,"showFlares":true,"showImageEffects":true,"showParticleSystems":true,"showVisualEffectGraphs":true,"m_FxEnabled":true},"in2DMode":false,"pivot":{"x":243.80853271484376,"y":-77.83816528320313,"z":325.72125244140627},"rotation":{"x":0.16460184752941132,"y":0.04836609214544296,"z":-0.005669864360243082,"w":0.985935389995575},"size":790.1458740234375,"orthographic":false}