{"cameraMode":{"drawMode":0,"name":"Shaded","section":"Shading Mode"},"sceneLighting":true,"audioPlay":false,"sceneViewState":{"showFog":true,"showMaterialUpdate":false,"showSkybox":true,"showFlares":true,"showImageEffects":true,"showParticleSystems":true,"showVisualEffectGraphs":true,"m_FxEnabled":true},"in2DMode":false,"pivot":{"x":-35.12428283691406,"y":4.743963241577148,"z":40.69819641113281},"rotation":{"x":0.07829459011554718,"y":0.005227689165621996,"z":0.0010218924144282938,"w":0.9976781010627747},"size":96.57475280761719,"orthographic":false}