{"cameraMode":{"drawMode":0,"name":"Shaded","section":"Shading Mode"},"sceneLighting":true,"audioPlay":false,"sceneViewState":{"showFog":true,"showMaterialUpdate":false,"showSkybox":true,"showFlares":true,"showImageEffects":true,"showParticleSystems":true,"showVisualEffectGraphs":true,"m_FxEnabled":true},"in2DMode":false,"pivot":{"x":-39.868507385253909,"y":-31.427719116210939,"z":40.941749572753909},"rotation":{"x":0.12373801320791245,"y":-0.2564953565597534,"z":0.036813970655202869,"w":0.9587211608886719},"size":15.869266510009766,"orthographic":false}