{"cameraMode":{"drawMode":0,"name":"Shaded","section":"Shading Mode"},"sceneLighting":true,"audioPlay":false,"sceneViewState":{"showFog":true,"showMaterialUpdate":false,"showSkybox":true,"showFlares":true,"showImageEffects":true,"showParticleSystems":true,"showVisualEffectGraphs":true,"m_FxEnabled":true},"in2DMode":false,"pivot":{"x":-3.551649808883667,"y":0.5218610763549805,"z":15.197052001953125},"rotation":{"x":0.09920560568571091,"y":-0.006657800637185574,"z":0.0026194860693067314,"w":0.9958054423332214},"size":25.253711700439454,"orthographic":false}