{"cameraMode":{"drawMode":0,"name":"Shaded","section":"Shading Mode"},"sceneLighting":false,"audioPlay":false,"sceneViewState":{"showFog":true,"showMaterialUpdate":false,"showSkybox":false,"showFlares":true,"showImageEffects":true,"showParticleSystems":true,"showVisualEffectGraphs":true,"m_FxEnabled":true},"in2DMode":false,"pivot":{"x":10.115114212036133,"y":1.6842684745788575,"z":14.666948318481446},"rotation":{"x":0.006765181198716164,"y":-0.32378968596458437,"z":-0.002445428166538477,"w":-0.9462625980377197},"size":12.12435531616211,"orthographic":false}