{"cameraMode":{"drawMode":0,"name":"Shaded","section":"Shading Mode"},"sceneLighting":false,"audioPlay":false,"sceneViewState":{"showFog":true,"showMaterialUpdate":false,"showSkybox":true,"showFlares":true,"showImageEffects":true,"showParticleSystems":true,"showVisualEffectGraphs":true,"m_FxEnabled":true},"in2DMode":false,"pivot":{"x":-76.80967712402344,"y":-26.103981018066408,"z":80.35798645019531},"rotation":{"x":-0.0014386672992259265,"y":0.9923412203788757,"z":-0.1229892373085022,"w":-0.011610119603574276},"size":3.2080061435699465,"orthographic":false}