{"cameraMode":{"drawMode":0,"name":"Shaded","section":"Shading Mode"},"sceneLighting":false,"audioPlay":false,"sceneViewState":{"showFog":true,"showMaterialUpdate":false,"showSkybox":true,"showFlares":true,"showImageEffects":true,"showParticleSystems":true,"showVisualEffectGraphs":true,"m_FxEnabled":true},"in2DMode":false,"pivot":{"x":-26.377046585083009,"y":-23.319068908691408,"z":3.256760835647583},"rotation":{"x":-0.006283717695623636,"y":-0.09014981985092163,"z":0.0005714251310564578,"w":-0.995915949344635},"size":1.9327938556671143,"orthographic":false}