{"cameraMode":{"drawMode":0,"name":"Shaded","section":"Shading Mode"},"sceneLighting":false,"audioPlay":false,"sceneViewState":{"showFog":true,"showMaterialUpdate":false,"showSkybox":false,"showFlares":true,"showImageEffects":true,"showParticleSystems":true,"showVisualEffectGraphs":true,"m_FxEnabled":true},"in2DMode":false,"pivot":{"x":1.3270792961120606,"y":2.4874980449676515,"z":0.07085061073303223},"rotation":{"x":0.0013342475285753608,"y":-0.9994078874588013,"z":0.0314810574054718,"w":0.02556224726140499},"size":1.8572940826416016,"orthographic":false}